"SECCIO_CENSAL","HOMES","DONES","EDAT_0_A_14","EDAT_15_A_24","EDAT_25_A_64","EDAT_65_A_MES","NACIONALS","COMUNITARIS","ESTRANGERS","DATA_DADES"
"01001","714","609","161","113","858","191","698","141","484","05-12-2021 11:00:05"
"01002","741","702","146","183","926","188","571","193","679","05-12-2021 11:00:05"
"01003","1942","1613","719","468","1984","384","1904","245","1406","05-12-2021 11:00:05"
"01004","1662","1337","353","335","2009","302","1539","320","1140","05-12-2021 11:00:05"
"01005","1282","1100","279","259","1542","302","1201","322","859","05-12-2021 11:00:05"
"01006","908","741","188","188","1089","184","686","254","709","05-12-2021 11:00:05"
"01007","1159","771","257","185","1344","144","859","220","851","05-12-2021 11:00:05"
"01008","1949","1349","480","368","2082","368","1342","249","1707","05-12-2021 11:00:05"
"01009","1184","1004","321","194","1441","232","1075","196","917","05-12-2021 11:00:05"
"01010","1266","1092","345","264","1546","203","982","194","1182","05-12-2021 11:00:05"
"01011","1727","1407","442","348","2087","257","1369","254","1511","05-12-2021 11:00:05"
"01012","986","937","242","190","1266","225","978","188","757","05-12-2021 11:00:05"
"01013","715","759","180","127","952","215","824","111","539","05-12-2021 11:00:05"
"01014","1133","919","207","204","1407","234","1025","158","869","05-12-2021 11:00:05"
"01015","1165","1110","288","227","1508","252","1058","221","996","05-12-2021 11:00:05"
"01016","1068","1046","255","219","1430","210","959","200","955","05-12-2021 11:00:05"
"01017","1306","1250","317","286","1709","244","1117","234","1205","05-12-2021 11:00:05"
"01018","781","765","187","170","974","215","809","147","590","05-12-2021 11:00:05"
"01019","1548","1330","343","275","1957","303","1279","358","1241","05-12-2021 11:00:05"
"01020","1057","1175","138","211","1523","360","1203","442","587","05-12-2021 11:00:05"
"01021","1046","1089","154","207","1468","306","1111","368","656","05-12-2021 11:00:05"
"01022","869","745","92","206","1097","219","720","271","623","05-12-2021 11:00:05"
"01023","997","1013","138","188","1390","294","1080","387","543","05-12-2021 11:00:05"
"01025","683","654","91","145","947","154","626","341","370","05-12-2021 11:00:05"
"01026","7224","2005","477","929","7375","448","1639","571","7019","05-12-2021 11:00:05"
"01027","744","777","110","152","1051","208","764","327","430","05-12-2021 11:00:05"
"01028","968","1003","144","215","1391","221","892","503","576","05-12-2021 11:00:05"
"01029","722","737","100","175","1040","144","580","365","514","05-12-2021 11:00:05"
"01030","1296","1254","230","276","1674","370","1295","452","803","05-12-2021 11:00:05"
"01031","870","780","140","140","1195","175","691","368","591","05-12-2021 11:00:05"
"01032","893","864","89","127","1254","287","986","325","446","05-12-2021 11:00:05"
"01033","548","525","80","71","758","164","574","227","272","05-12-2021 11:00:05"
"01034","474","445","48","67","661","143","510","212","197","05-12-2021 11:00:05"
"01035","595","594","69","107","836","177","641","241","307","05-12-2021 11:00:05"
"01036","567","632","103","125","739","232","868","138","193","05-12-2021 11:00:05"
"01037","629","689","95","121","828","274","921","180","217","05-12-2021 11:00:05"
"01038","781","720","103","111","1113","174","700","353","448","05-12-2021 11:00:05"
"01039","694","662","88","131","922","215","794","239","323","05-12-2021 11:00:05"
"01040","545","528","76","88","711","198","560","231","282","05-12-2021 11:00:05"
"01041","715","734","111","95","1097","146","702","312","435","05-12-2021 11:00:05"
"01042","823","950","165","137","1017","454","1316","197","260","05-12-2021 11:00:05"
"01043","846","825","174","121","1176","200","950","332","389","05-12-2021 11:00:05"
"01044","692","741","140","129","978","186","854","280","299","05-12-2021 11:00:05"
"01045","1006","992","102","162","1497","237","953","521","524","05-12-2021 11:00:05"
"01046","969","905","135","187","1351","201","833","479","562","05-12-2021 11:00:05"
"01047","862","906","120","151","1250","247","907","349","512","05-12-2021 11:00:05"
"01048","1051","1095","227","207","1466","246","1139","381","626","05-12-2021 11:00:05"
"01049","720","790","196","142","970","202","765","280","465","05-12-2021 11:00:05"
"01050","795","790","133","136","1096","220","805","332","448","05-12-2021 11:00:05"
"01051","943","872","164","153","1348","150","855","361","599","05-12-2021 11:00:05"
"01052","1323","1250","247","360","1635","331","1384","507","682","05-12-2021 11:00:05"
"01053","916","988","135","163","1268","338","1145","329","430","05-12-2021 11:00:05"
"01054","632","610","86","79","902","175","646","243","353","05-12-2021 11:00:05"
"01055","634","655","137","87","747","318","913","187","189","05-12-2021 11:00:05"
"02001","634","718","154","132","788","278","950","135","267","05-12-2021 11:00:05"
"02002","2079","1669","364","380","2491","513","1702","268","1778","05-12-2021 11:00:05"
"02003","513","668","93","150","582","356","945","105","131","05-12-2021 11:00:05"
"02004","751","756","149","128","935","295","1006","194","307","05-12-2021 11:00:05"
"02005","955","1119","223","159","1148","544","1632","164","278","05-12-2021 11:00:05"
"02006","786","897","191","142","957","393","1207","185","291","05-12-2021 11:00:05"
"02007","568","692","105","96","722","337","933","169","158","05-12-2021 11:00:05"
"02008","920","1033","214","189","1134","416","1442","229","282","05-12-2021 11:00:05"
"02009","863","962","210","148","1097","370","1323","184","318","05-12-2021 11:00:05"
"02010","570","639","139","105","690","275","913","119","177","05-12-2021 11:00:05"
"02011","532","568","91","100","642","267","889","114","97","05-12-2021 11:00:05"
"02012","778","810","167","141","917","363","1183","138","267","05-12-2021 11:00:05"
"02013","559","592","120","113","731","187","806","137","208","05-12-2021 11:00:05"
"02014","666","714","150","125","905","200","950","181","249","05-12-2021 11:00:05"
"02015","763","816","166","136","955","322","1095","170","314","05-12-2021 11:00:05"
"02016","854","1020","195","140","1108","431","1444","190","240","05-12-2021 11:00:05"
"02017","924","1077","209","195","1210","387","1492","186","323","05-12-2021 11:00:05"
"02018","856","997","189","193","977","494","1398","158","297","05-12-2021 11:00:05"
"02019","961","1076","231","161","1203","442","1523","203","311","05-12-2021 11:00:05"
"02020","702","792","122","162","976","234","957","216","321","05-12-2021 11:00:05"
"02021","701","786","150","99","903","335","1134","131","222","05-12-2021 11:00:05"
"02022","634","675","122","139","783","265","1004","79","226","05-12-2021 11:00:05"
"02023","478","600","72","86","650","270","908","65","105","05-12-2021 11:00:05"
"02024","510","609","89","80","732","218","767","103","249","05-12-2021 11:00:05"
"02025","534","588","110","95","651","266","843","113","166","05-12-2021 11:00:05"
"02026","928","1178","189","198","1246","473","1587","142","377","05-12-2021 11:00:05"
"02027","1001","1130","231","178","1237","485","1584","169","378","05-12-2021 11:00:05"
"02028","935","1119","203","183","1196","472","1561","148","345","05-12-2021 11:00:05"
"02029","557","659","126","87","704","299","967","95","154","05-12-2021 11:00:05"
"02030","643","736","161","127","844","247","975","108","296","05-12-2021 11:00:05"
"02031","471","578","121","92","535","301","876","57","116","05-12-2021 11:00:05"
"02032","496","676","101","83","631","357","921","101","150","05-12-2021 11:00:05"
"02033","538","637","115","98","704","258","902","105","168","05-12-2021 11:00:05"
"02034","519","680","98","100","730","271","814","104","281","05-12-2021 11:00:05"
"02035","586","705","94","102","750","345","986","101","204","05-12-2021 11:00:05"
"02036","541","655","126","93","685","292","981","93","122","05-12-2021 11:00:05"
"02037","576","625","101","101","699","300","1004","80","117","05-12-2021 11:00:05"
"02038","731","820","113","188","962","288","1276","77","198","05-12-2021 11:00:05"
"02039","778","1006","155","163","1102","364","1291","173","320","05-12-2021 11:00:05"
"02040","820","886","153","146","1102","305","1173","190","343","05-12-2021 11:00:05"
"02041","736","902","162","124","910","442","1257","112","269","05-12-2021 11:00:05"
"02042","730","884","133","122","862","497","1357","89","168","05-12-2021 11:00:05"
"02043","700","771","174","116","871","310","1200","86","185","05-12-2021 11:00:05"
"02044","605","702","146","102","726","333","967","97","243","05-12-2021 11:00:05"
"02045","547","626","116","99","669","289","924","71","178","05-12-2021 11:00:05"
"02046","898","1041","218","175","1163","383","1459","130","350","05-12-2021 11:00:05"
"02047","926","1050","210","197","1111","458","1517","122","337","05-12-2021 11:00:05"
"02048","582","707","132","123","782","252","895","121","273","05-12-2021 11:00:05"
"02049","953","1115","185","145","1267","471","1394","226","448","05-12-2021 11:00:05"
"02050","733","897","125","121","1063","321","1143","167","320","05-12-2021 11:00:05"
"02051","859","1013","157","158","1175","382","1220","210","442","05-12-2021 11:00:05"
"02052","835","985","171","162","1155","332","1252","204","364","05-12-2021 11:00:05"
"02053","874","1005","168","162","1185","364","1364","189","326","05-12-2021 11:00:05"
"02054","886","1024","228","145","1100","437","1460","171","279","05-12-2021 11:00:05"
"02055","875","987","186","159","1107","410","1438","157","267","05-12-2021 11:00:05"
"02056","709","810","159","131","945","284","1075","213","231","05-12-2021 11:00:05"
"02057","606","674","163","124","686","307","1001","161","118","05-12-2021 11:00:05"
"02058","663","727","161","115","768","346","1135","119","136","05-12-2021 11:00:05"
"02059","752","944","192","144","958","402","1273","150","273","05-12-2021 11:00:05"
"02060","751","931","212","139","956","375","1280","165","237","05-12-2021 11:00:05"
"02061","609","753","126","140","842","254","967","160","235","05-12-2021 11:00:05"
"02062","747","811","181","148","948","281","1134","238","186","05-12-2021 11:00:05"
"02063","480","704","121","107","598","358","912","128","144","05-12-2021 11:00:05"
"02064","605","715","150","119","726","325","996","160","164","05-12-2021 11:00:05"
"02065","846","980","200","148","1152","326","1318","231","277","05-12-2021 11:00:05"
"02066","819","960","174","131","1021","453","1392","148","239","05-12-2021 11:00:05"
"02067","802","888","184","137","1104","265","1142","230","318","05-12-2021 11:00:05"
"02068","772","867","183","114","987","355","1172","227","240","05-12-2021 11:00:05"
"02069","626","753","165","117","790","307","1035","152","192","05-12-2021 11:00:05"
"02070","583","691","120","145","746","263","909","169","196","05-12-2021 11:00:05"
"02071","821","877","186","150","1023","339","1292","206","200","05-12-2021 11:00:05"
"02072","619","606","134","131","696","264","932","144","149","05-12-2021 11:00:05"
"02073","776","889","162","162","1029","312","1201","229","235","05-12-2021 11:00:05"
"02074","644","657","139","128","814","220","829","223","249","05-12-2021 11:00:05"
"02075","607","674","126","125","782","248","847","248","186","05-12-2021 11:00:05"
"02076","773","867","176","194","949","321","1156","213","271","05-12-2021 11:00:05"
"02077","905","862","152","214","1110","291","995","303","469","05-12-2021 11:00:05"
"02078","689","785","129","195","845","305","908","203","363","05-12-2021 11:00:05"
"02079","749","766","148","179","907","281","911","205","399","05-12-2021 11:00:05"
"02080","798","820","166","150","952","350","1077","204","337","05-12-2021 11:00:05"
"02081","1024","1183","191","238","1287","491","1526","289","392","05-12-2021 11:00:05"
"02082","427","489","75","84","538","219","650","149","117","05-12-2021 11:00:05"
"02083","903","1030","197","249","1097","390","1311","278","344","05-12-2021 11:00:05"
"02084","956","1139","191","203","1300","401","1520","226","349","05-12-2021 11:00:05"
"02085","632","794","139","135","869","283","997","193","236","05-12-2021 11:00:05"
"02086","662","772","176","163","846","249","1092","141","201","05-12-2021 11:00:05"
"02087","664","796","146","124","884","306","1116","140","204","05-12-2021 11:00:05"
"02088","799","880","143","175","1008","353","1231","193","255","05-12-2021 11:00:05"
"02089","838","948","149","170","1136","331","1277","231","278","05-12-2021 11:00:05"
"02090","819","948","157","157","1130","323","1181","228","358","05-12-2021 11:00:05"
"02091","1256","1004","144","209","1581","326","1266","295","699","05-12-2021 11:00:05"
"02092","1095","934","144","163","1398","324","1168","319","542","05-12-2021 11:00:05"
"02093","831","870","130","187","1019","365","1200","202","299","05-12-2021 11:00:05"
"02094","740","780","114","110","947","349","1076","152","292","05-12-2021 11:00:05"
"02095","755","772","122","146","953","306","1101","175","251","05-12-2021 11:00:05"
"02096","672","749","118","109","874","320","995","172","254","05-12-2021 11:00:05"
"02097","526","586","103","98","701","210","785","113","214","05-12-2021 11:00:05"
"02098","686","794","113","114","970","283","1055","172","253","05-12-2021 11:00:05"
"02099","780","855","167","178","1010","280","1167","180","288","05-12-2021 11:00:05"
"02100","639","707","102","99","824","321","1071","105","170","05-12-2021 11:00:05"
"02101","1014","1184","228","187","1263","520","1614","201","383","05-12-2021 11:00:05"
"02102","616","780","157","126","768","345","1172","85","139","05-12-2021 11:00:05"
"02103","772","887","139","124","1062","334","1176","178","305","05-12-2021 11:00:05"
"02104","538","642","132","96","641","311","958","59","163","05-12-2021 11:00:05"
"02105","956","1153","198","199","1277","435","1531","219","359","05-12-2021 11:00:05"
"02106","670","785","184","134","815","322","1120","124","211","05-12-2021 11:00:05"
"02107","751","901","181","159","888","424","1357","130","165","05-12-2021 11:00:05"
"02108","740","881","191","143","852","435","1325","97","199","05-12-2021 11:00:05"
"02109","955","1159","235","229","1121","529","1750","139","225","05-12-2021 11:00:05"
"02110","860","1001","230","146","1128","357","1437","148","276","05-12-2021 11:00:05"
"02111","862","1000","202","138","1123","399","1427","139","296","05-12-2021 11:00:05"
"02112","592","695","129","100","646","412","1098","80","109","05-12-2021 11:00:05"
"02113","1059","1159","301","178","1142","597","1833","125","260","05-12-2021 11:00:05"
"02114","779","917","165","142","908","481","1351","115","230","05-12-2021 11:00:05"
"02115","608","735","142","128","770","303","1042","93","208","05-12-2021 11:00:05"
"02116","461","537","125","95","531","247","893","23","82","05-12-2021 11:00:05"
"02117","541","685","150","85","641","350","965","79","182","05-12-2021 11:00:05"
"02118","691","787","146","127","898","307","1182","98","198","05-12-2021 11:00:05"
"02119","619","660","131","85","720","343","1074","66","139","05-12-2021 11:00:05"
"02120","548","610","87","87","667","317","952","86","120","05-12-2021 11:00:05"
"02121","595","673","134","123","717","294","1008","71","189","05-12-2021 11:00:05"
"02122","476","556","89","76","548","319","863","59","110","05-12-2021 11:00:05"
"02123","513","582","107","63","670","255","863","94","138","05-12-2021 11:00:05"
"02124","489","596","110","82","566","327","959","40","86","05-12-2021 11:00:05"
"02125","751","927","161","125","914","478","1393","83","202","05-12-2021 11:00:05"
"02126","671","807","133","125","803","417","1249","79","150","05-12-2021 11:00:05"
"02127","559","612","119","87","730","235","862","101","208","05-12-2021 11:00:05"
"02128","604","713","132","100","807","278","962","104","251","05-12-2021 11:00:05"
"02129","694","841","123","132","879","401","1228","72","235","05-12-2021 11:00:05"
"02130","522","589","124","93","542","352","999","43","69","05-12-2021 11:00:05"
"02131","528","607","115","91","639","290","860","79","196","05-12-2021 11:00:05"
"02132","505","519","83","64","599","278","831","50","143","05-12-2021 11:00:05"
"02133","374","453","77","56","396","298","724","29","74","05-12-2021 11:00:05"
"02134","698","769","132","108","831","396","1161","100","206","05-12-2021 11:00:05"
"02135","984","1115","194","171","1327","407","1589","181","329","05-12-2021 11:00:05"
"02136","408","475","70","77","494","242","724","51","108","05-12-2021 11:00:05"
"02137","704","764","127","138","920","283","1029","143","296","05-12-2021 11:00:05"
"02138","927","1028","203","184","1090","478","1568","123","264","05-12-2021 11:00:05"
"02139","795","902","147","130","1107","313","1180","207","310","05-12-2021 11:00:05"
"02140","883","1025","184","156","1168","400","1487","144","277","05-12-2021 11:00:05"
"02141","557","633","115","124","675","276","892","60","238","05-12-2021 11:00:05"
"02142","982","1053","188","183","1290","374","1468","176","391","05-12-2021 11:00:05"
"02143","748","750","150","127","930","291","1059","172","267","05-12-2021 11:00:05"
"02144","726","799","138","145","943","299","1092","168","265","05-12-2021 11:00:05"
"02145","621","632","126","117","788","222","870","124","259","05-12-2021 11:00:05"
"02146","543","646","97","98","724","270","887","93","209","05-12-2021 11:00:05"
"02147","1008","1099","199","201","1270","437","1611","170","326","05-12-2021 11:00:05"
"02148","719","850","160","114","930","365","1216","129","224","05-12-2021 11:00:05"
"02149","921","962","210","163","1186","324","1367","166","350","05-12-2021 11:00:05"
"02150","750","766","143","141","929","303","1074","121","321","05-12-2021 11:00:05"
"02151","688","816","141","124","949","290","1071","149","284","05-12-2021 11:00:05"
"02152","589","693","110","100","679","393","991","98","193","05-12-2021 11:00:05"
"02153","624","742","148","96","746","376","1109","87","170","05-12-2021 11:00:05"
"02154","501","540","89","73","672","207","694","122","225","05-12-2021 11:00:05"
"02155","866","958","173","147","1038","466","1428","115","281","05-12-2021 11:00:05"
"02156","609","678","107","93","699","388","1029","88","170","05-12-2021 11:00:05"
"02157","552","659","131","123","674","283","918","101","192","05-12-2021 11:00:05"
"02158","777","828","158","106","943","398","1254","114","237","05-12-2021 11:00:05"
"02159","955","1021","232","173","1182","389","1455","157","364","05-12-2021 11:00:05"
"02160","963","1016","171","166","1208","434","1529","154","296","05-12-2021 11:00:05"
"02161","569","597","109","114","720","223","844","121","201","05-12-2021 11:00:05"
"02162","683","728","135","116","841","319","1051","103","257","05-12-2021 11:00:05"
"02163","881","948","156","155","1118","400","1347","174","308","05-12-2021 11:00:05"
"02164","728","745","120","130","965","258","954","191","328","05-12-2021 11:00:05"
"02165","828","890","170","123","1081","344","1263","161","294","05-12-2021 11:00:05"
"02166","1035","1123","229","164","1361","404","1480","224","454","05-12-2021 11:00:05"
"02167","1043","1082","240","180","1206","499","1666","159","300","05-12-2021 11:00:05"
"02168","1056","1220","246","159","1419","452","1693","182","401","05-12-2021 11:00:05"
"02169","756","797","150","100","1002","301","1128","154","271","05-12-2021 11:00:05"
"02170","712","829","155","131","908","347","1181","107","253","05-12-2021 11:00:05"
"02171","794","855","186","110","987","366","1175","114","360","05-12-2021 11:00:05"
"02172","711","811","156","96","1000","270","1112","150","260","05-12-2021 11:00:05"
"02173","740","818","135","134","966","323","1155","146","257","05-12-2021 11:00:05"
"03001","801","904","184","136","989","396","1246","134","325","05-12-2021 11:00:05"
"03002","967","1009","206","165","1266","339","1348","210","418","05-12-2021 11:00:05"
"03003","814","865","186","151","1083","259","1087","142","450","05-12-2021 11:00:05"
"03004","747","833","163","124","981","312","1150","138","292","05-12-2021 11:00:05"
"03005","575","604","131","69","698","281","832","104","243","05-12-2021 11:00:05"
"03006","708","708","164","117","937","198","920","174","322","05-12-2021 11:00:05"
"03007","802","874","180","174","1008","314","1140","167","369","05-12-2021 11:00:05"
"03008","581","633","140","111","766","197","787","127","300","05-12-2021 11:00:05"
"03009","578","622","111","94","744","251","877","101","222","05-12-2021 11:00:05"
"03010","993","921","186","205","1268","255","1141","202","571","05-12-2021 11:00:05"
"03011","907","870","211","171","1183","212","1041","196","540","05-12-2021 11:00:05"
"03012","1009","1061","180","181","1394","315","1290","267","513","05-12-2021 11:00:05"
"03013","872","862","179","159","1201","195","1001","250","483","05-12-2021 11:00:05"
"03014","888","906","182","159","1210","243","1064","234","496","05-12-2021 11:00:05"
"03015","1460","1489","320","268","1955","406","1773","381","795","05-12-2021 11:00:05"
"03016","614","647","133","134","826","168","729","137","395","05-12-2021 11:00:05"
"03017","834","815","183","139","1125","202","910","224","515","05-12-2021 11:00:05"
"03018","845","812","173","157","1007","320","1142","154","361","05-12-2021 11:00:05"
"03019","732","795","178","130","984","235","973","137","417","05-12-2021 11:00:05"
"03020","625","599","105","93","710","316","896","112","216","05-12-2021 11:00:05"
"03021","513","579","113","80","588","311","856","69","167","05-12-2021 11:00:05"
"03022","724","728","145","135","892","280","1020","136","296","05-12-2021 11:00:05"
"03023","932","963","215","143","1253","284","1256","206","433","05-12-2021 11:00:05"
"03024","1009","987","235","177","1338","246","1318","266","412","05-12-2021 11:00:05"
"03025","771","740","224","122","934","231","1294","42","175","05-12-2021 11:00:05"
"03026","478","522","102","86","462","350","868","22","110","05-12-2021 11:00:05"
"03027","829","889","164","246","921","387","1523","57","138","05-12-2021 11:00:05"
"03028","1310","1359","454","323","1544","348","2115","98","456","05-12-2021 11:00:05"
"03029","626","661","152","127","762","246","1125","43","119","05-12-2021 11:00:05"
"03030","736","848","155","159","938","332","1277","69","238","05-12-2021 11:00:05"
"03031","1155","1227","270","246","1256","610","2100","50","232","05-12-2021 11:00:05"
"03032","830","885","255","155","983","322","1411","67","237","05-12-2021 11:00:05"
"03033","765","739","197","167","863","277","1052","42","410","05-12-2021 11:00:05"
"03034","711","791","146","155","873","328","1255","22","225","05-12-2021 11:00:05"
"03035","1064","1170","216","197","1242","579","1901","58","275","05-12-2021 11:00:05"
"03036","1141","1255","285","252","1361","498","2001","106","289","05-12-2021 11:00:05"
"03037","473","511","71","120","617","176","897","18","69","05-12-2021 11:00:05"
"03038","455","492","134","111","486","216","868","9","70","05-12-2021 11:00:05"
"03039","1196","1305","402","264","1408","427","1934","76","491","05-12-2021 11:00:05"
"03040","924","781","117","379","771","438","1252","64","389","05-12-2021 11:00:05"
"03041","674","749","139","137","837","310","1091","86","246","05-12-2021 11:00:05"
"03042","675","684","123","130","829","277","1033","93","233","05-12-2021 11:00:05"
"03043","743","862","133","143","892","437","1233","106","266","05-12-2021 11:00:05"
"03044","915","987","191","162","1198","351","1373","127","402","05-12-2021 11:00:05"
"03045","528","558","126","81","668","211","836","115","135","05-12-2021 11:00:05"
"03046","656","745","109","100","773","419","1156","94","151","05-12-2021 11:00:05"
"03047","840","880","149","173","1088","310","1296","135","289","05-12-2021 11:00:05"
"03048","622","722","109","100","794","341","1036","80","228","05-12-2021 11:00:05"
"03049","782","891","183","120","994","376","1224","156","293","05-12-2021 11:00:05"
"03050","804","815","155","103","1062","299","1183","152","284","05-12-2021 11:00:05"
"03051","962","972","242","196","1236","260","1310","152","472","05-12-2021 11:00:05"
"03052","652","720","170","127","875","200","951","122","299","05-12-2021 11:00:05"
"03053","1051","1140","257","195","1376","363","1479","185","527","05-12-2021 11:00:05"
"03054","800","855","140","140","956","419","1286","108","261","05-12-2021 11:00:05"
"03055","754","823","144","119","961","353","1195","120","262","05-12-2021 11:00:05"
"03056","443","515","95","78","538","247","709","62","187","05-12-2021 11:00:05"
"03057","699","782","136","101","830","414","1262","65","154","05-12-2021 11:00:05"
"03058","806","956","219","143","1016","384","1501","107","154","05-12-2021 11:00:05"
"03059","569","616","142","93","672","278","965","48","172","05-12-2021 11:00:05"
"03060","672","690","142","111","753","356","1190","45","127","05-12-2021 11:00:05"
"03061","499","602","116","85","636","264","877","68","156","05-12-2021 11:00:05"
"03062","744","827","173","143","907","348","1333","75","163","05-12-2021 11:00:05"
"03063","948","1016","366","159","1167","272","1589","95","280","05-12-2021 11:00:05"
"03064","572","632","127","116","698","263","1043","42","119","05-12-2021 11:00:05"
"03065","640","708","100","126","809","313","1213","30","105","05-12-2021 11:00:05"
"03066","1127","1204","281","246","1324","480","1968","76","287","05-12-2021 11:00:05"
"03067","810","928","189","135","967","447","1464","42","232","05-12-2021 11:00:05"
"03068","542","614","111","90","631","324","947","39","170","05-12-2021 11:00:05"
"03069","585","590","117","88","656","314","1005","29","141","05-12-2021 11:00:05"
"03070","664","673","129","125","764","319","1016","68","253","05-12-2021 11:00:05"
"03071","644","711","154","135","806","260","1038","97","220","05-12-2021 11:00:05"
"03072","644","718","157","113","801","291","1064","48","250","05-12-2021 11:00:05"
"03073","749","829","155","120","921","382","1315","65","198","05-12-2021 11:00:05"
"03074","812","956","192","139","1015","422","1439","83","246","05-12-2021 11:00:05"
"03075","841","912","207","173","1006","367","1344","68","341","05-12-2021 11:00:05"
"03076","488","566","105","78","578","293","839","43","172","05-12-2021 11:00:05"
"03077","607","721","134","123","746","325","1068","54","206","05-12-2021 11:00:05"
"03078","826","912","194","143","1083","318","1290","87","361","05-12-2021 11:00:05"
"03079","846","970","205","166","1114","331","1313","85","418","05-12-2021 11:00:05"
"03080","685","847","147","138","869","378","1254","54","224","05-12-2021 11:00:05"
"03081","890","1002","177","199","1070","446","1477","61","354","05-12-2021 11:00:05"
"03082","856","1009","194","167","1084","420","1478","85","302","05-12-2021 11:00:05"
"03083","637","728","133","91","789","352","1148","39","178","05-12-2021 11:00:05"
"03084","622","750","139","115","686","432","1210","42","120","05-12-2021 11:00:05"
"03085","617","702","162","90","775","292","1051","67","201","05-12-2021 11:00:05"
"03086","590","640","119","96","626","389","1094","46","90","05-12-2021 11:00:05"
"03087","698","789","170","121","782","414","1259","45","183","05-12-2021 11:00:05"
"03088","662","741","150","121","765","367","1124","79","200","05-12-2021 11:00:05"
"03089","562","661","120","92","654","357","1066","68","89","05-12-2021 11:00:05"
"03090","443","517","80","96","540","244","853","37","70","05-12-2021 11:00:05"
"03091","709","756","152","162","889","262","1154","79","232","05-12-2021 11:00:05"
"03092","577","653","134","104","760","232","967","77","186","05-12-2021 11:00:05"
"03093","676","796","128","151","828","365","1307","38","127","05-12-2021 11:00:05"
"03094","558","646","141","98","678","287","1021","56","127","05-12-2021 11:00:05"
"03095","764","849","168","124","989","332","1278","95","240","05-12-2021 11:00:05"
"03096","702","835","180","132","976","249","1172","99","266","05-12-2021 11:00:05"
"03097","790","881","206","133","1123","209","1124","127","420","05-12-2021 11:00:05"
"03098","719","731","180","129","914","227","1070","101","279","05-12-2021 11:00:05"
"03099","428","550","115","77","620","166","806","60","112","05-12-2021 11:00:05"
"03100","577","713","155","92","775","268","974","112","204","05-12-2021 11:00:05"
"03101","2627","1832","510","440","3070","439","1796","348","2315","05-12-2021 11:00:05"
"03102","641","703","157","120","797","270","1023","66","255","05-12-2021 11:00:05"
"03103","517","610","120","70","581","356","991","42","94","05-12-2021 11:00:05"
"03104","656","748","147","117","897","243","1062","116","226","05-12-2021 11:00:05"
"03105","546","641","129","114","725","219","895","74","218","05-12-2021 11:00:05"
"03106","612","681","145","104","840","204","961","117","215","05-12-2021 11:00:05"
"03107","801","823","176","175","917","356","1236","76","312","05-12-2021 11:00:05"
"03108","765","848","197","136","976","304","1250","97","266","05-12-2021 11:00:05"
"03109","730","792","178","124","952","268","1200","106","216","05-12-2021 11:00:05"
"03110","661","777","156","113","863","306","1155","97","186","05-12-2021 11:00:05"
"03111","569","711","154","97","763","266","1046","73","161","05-12-2021 11:00:05"
"03112","865","997","217","154","1048","443","1549","76","237","05-12-2021 11:00:05"
"03113","728","843","150","146","848","427","1253","103","215","05-12-2021 11:00:05"
"03114","693","782","126","145","797","407","1228","82","165","05-12-2021 11:00:05"
"03211","740","792","155","214","920","243","1292","28","212","05-12-2021 11:00:05"
"03212","1115","1274","270","222","1261","636","1888","78","423","05-12-2021 11:00:05"
"03213","1161","1205","300","288","1396","382","1761","78","527","05-12-2021 11:00:05"
"04001","610","659","148","113","732","276","997","58","214","05-12-2021 11:00:05"
"04002","906","1017","229","163","1035","496","1683","68","172","05-12-2021 11:00:05"
"04003","508","551","112","86","563","298","915","34","110","05-12-2021 11:00:05"
"04004","477","518","101","74","560","260","867","32","96","05-12-2021 11:00:05"
"04005","563","647","132","109","627","342","1060","42","108","05-12-2021 11:00:05"
"04006","515","615","136","83","586","325","977","46","107","05-12-2021 11:00:05"
"04007","459","585","117","74","553","300","867","38","139","05-12-2021 11:00:05"
"04008","465","536","111","75","561","254","838","32","131","05-12-2021 11:00:05"
"04009","690","783","175","102","856","340","1207","71","195","05-12-2021 11:00:05"
"04010","404","486","101","97","457","235","775","32","83","05-12-2021 11:00:05"
"04011","788","919","240","126","806","535","1527","64","116","05-12-2021 11:00:05"
"04012","640","715","123","98","708","426","1202","47","106","05-12-2021 11:00:05"
"04013","566","659","126","104","644","351","1079","54","92","05-12-2021 11:00:05"
"04014","365","432","85","76","383","253","705","24","68","05-12-2021 11:00:05"
"04015","854","1048","204","159","1079","460","1642","79","181","05-12-2021 11:00:05"
"04016","504","568","109","70","581","312","934","45","93","05-12-2021 11:00:05"
"04017","546","660","166","78","618","344","1037","71","98","05-12-2021 11:00:05"
"04018","678","810","168","162","756","402","1280","80","128","05-12-2021 11:00:05"
"04019","645","721","174","161","689","342","1182","71","113","05-12-2021 11:00:05"
"04020","691","809","200","169","769","362","1284","60","156","05-12-2021 11:00:05"
"04021","599","722","161","132","684","344","1127","74","120","05-12-2021 11:00:05"
"04022","792","870","174","173","900","415","1298","93","271","05-12-2021 11:00:05"
"04023","498","569","145","133","505","284","908","40","119","05-12-2021 11:00:05"
"04024","479","550","140","102","481","306","964","17","48","05-12-2021 11:00:05"
"04025","528","635","148","100","662","253","1034","56","73","05-12-2021 11:00:05"
"04026","560","679","152","85","664","338","1073","69","97","05-12-2021 11:00:05"
"04027","626","722","189","110","769","280","1080","105","163","05-12-2021 11:00:05"
"04028","622","698","170","97","680","373","1108","69","143","05-12-2021 11:00:05"
"04029","500","617","147","80","529","361","1016","28","73","05-12-2021 11:00:05"
"04030","822","970","254","132","840","566","1608","68","116","05-12-2021 11:00:05"
"04031","951","986","235","162","1112","428","1414","120","403","05-12-2021 11:00:05"
"04032","692","850","174","124","817","427","1359","33","150","05-12-2021 11:00:05"
"04033","508","612","138","85","588","309","977","46","97","05-12-2021 11:00:05"
"04034","714","777","168","124","695","504","1350","49","92","05-12-2021 11:00:05"
"04035","614","735","155","95","675","424","1196","51","102","05-12-2021 11:00:05"
"04036","786","944","229","173","883","445","1421","62","247","05-12-2021 11:00:05"
"04037","987","1180","233","210","1123","601","1811","78","278","05-12-2021 11:00:05"
"04038","559","671","128","97","615","390","1070","41","119","05-12-2021 11:00:05"
"04039","541","620","144","110","662","245","982","45","134","05-12-2021 11:00:05"
"04040","781","816","238","153","920","286","1195","81","321","05-12-2021 11:00:05"
"04041","604","690","131","98","768","297","1020","44","230","05-12-2021 11:00:05"
"04042","829","957","160","133","998","495","1452","61","273","05-12-2021 11:00:05"
"04043","738","883","172","118","784","547","1503","39","79","05-12-2021 11:00:05"
"04044","759","860","169","139","916","395","1365","67","187","05-12-2021 11:00:05"
"04045","652","754","179","123","719","385","1160","58","188","05-12-2021 11:00:05"
"04046","1146","1263","301","202","1105","801","2203","84","122","05-12-2021 11:00:05"
"04047","886","1006","249","172","979","492","1658","82","152","05-12-2021 11:00:05"
"04048","698","787","168","115","773","429","1325","59","101","05-12-2021 11:00:05"
"04049","510","610","160","162","542","256","920","71","129","05-12-2021 11:00:05"
"04050","959","1077","309","208","936","583","1852","87","97","05-12-2021 11:00:05"
"04051","732","914","260","190","814","382","1436","96","114","05-12-2021 11:00:05"
"04052","976","1224","300","279","979","642","1918","105","177","05-12-2021 11:00:05"
"04053","827","897","239","234","949","302","1222","138","364","05-12-2021 11:00:05"
"04054","480","548","151","111","469","297","883","48","97","05-12-2021 11:00:05"
"04055","711","779","240","210","670","370","1159","204","127","05-12-2021 11:00:05"
"04056","837","922","264","243","872","380","1230","190","339","05-12-2021 11:00:05"
"04084","626","736","169","135","623","435","1207","50","105","05-12-2021 11:00:05"
"05001","923","900","302","218","1089","214","1466","203","154","05-12-2021 11:00:05"
"05002","784","843","263","203","816","345","1397","150","80","05-12-2021 11:00:05"
"05003","680","693","242","163","754","214","1181","103","89","05-12-2021 11:00:05"
"05004","474","641","178","158","474","305","956","61","98","05-12-2021 11:00:05"
"05005","612","624","177","227","576","256","898","139","199","05-12-2021 11:00:05"
"05006","902","936","313","290","852","383","1480","194","164","05-12-2021 11:00:05"
"05007","979","931","272","180","1037","421","1494","166","250","05-12-2021 11:00:05"
"05008","788","904","306","192","854","340","1459","111","122","05-12-2021 11:00:05"
"05009","769","926","260","184","869","382","1461","116","118","05-12-2021 11:00:05"
"05010","704","817","261","176","740","344","1315","122","84","05-12-2021 11:00:05"
"05011","644","762","231","149","736","290","1198","109","99","05-12-2021 11:00:05"
"05012","614","725","203","160","697","279","1171","95","73","05-12-2021 11:00:05"
"05013","783","870","263","177","877","336","1437","108","108","05-12-2021 11:00:05"
"05014","730","838","263","144","767","394","1306","144","118","05-12-2021 11:00:05"
"05015","716","843","309","183","759","308","1331","124","104","05-12-2021 11:00:05"
"05016","835","1037","370","209","948","345","1599","119","154","05-12-2021 11:00:05"
"05017","709","829","240","176","760","362","1339","103","96","05-12-2021 11:00:05"
"05018","587","679","207","139","612","308","1080","85","101","05-12-2021 11:00:05"
"05019","749","910","282","195","779","403","1491","58","110","05-12-2021 11:00:05"
"05020","484","602","112","143","582","249","940","43","103","05-12-2021 11:00:05"
"05021","585","671","206","167","613","270","1016","69","171","05-12-2021 11:00:05"
"05022","762","942","254","173","814","463","1543","70","91","05-12-2021 11:00:05"
"05023","650","807","238","142","748","329","1262","65","130","05-12-2021 11:00:05"
"05024","881","1044","326","247","895","457","1711","98","116","05-12-2021 11:00:05"
"05025","611","686","200","174","634","289","1143","54","100","05-12-2021 11:00:05"
"05026","681","761","250","194","690","308","1334","49","59","05-12-2021 11:00:05"
"05027","656","727","227","213","638","305","1248","65","70","05-12-2021 11:00:05"
"05028","845","841","273","223","869","321","1459","73","154","05-12-2021 11:00:05"
"05029","784","857","283","250","774","334","1482","77","82","05-12-2021 11:00:05"
"05030","635","739","228","218","631","297","1286","32","56","05-12-2021 11:00:05"
"05031","759","865","232","251","750","391","1410","95","119","05-12-2021 11:00:05"
"05032","852","978","268","268","873","421","1438","155","237","05-12-2021 11:00:05"
"05033","669","772","274","168","700","299","1236","93","112","05-12-2021 11:00:05"
"05034","623","671","244","154","633","263","1031","58","205","05-12-2021 11:00:05"
"05035","500","538","110","127","453","348","959","21","58","05-12-2021 11:00:05"
"05036","814","925","284","244","817","394","1539","80","120","05-12-2021 11:00:05"
"05037","625","794","223","193","685","318","1237","49","133","05-12-2021 11:00:05"
"05038","600","747","161","133","755","298","1060","92","195","05-12-2021 11:00:05"
"05039","722","822","250","202","697","395","1434","42","68","05-12-2021 11:00:05"
"05040","659","805","224","146","813","281","1224","90","150","05-12-2021 11:00:05"
"05041","949","1034","246","195","1185","357","1433","161","389","05-12-2021 11:00:05"
"05042","599","676","172","117","686","300","1103","58","114","05-12-2021 11:00:05"
"05043","656","801","189","159","822","287","1224","83","150","05-12-2021 11:00:05"
"05044","593","724","208","121","724","264","1124","67","126","05-12-2021 11:00:05"
"05045","715","873","266","215","777","330","1445","71","72","05-12-2021 11:00:05"
"05046","480","647","142","132","480","373","1058","39","30","05-12-2021 11:00:05"
"05047","535","690","206","154","596","269","1110","58","57","05-12-2021 11:00:05"
"05048","538","695","173","147","637","276","1114","46","73","05-12-2021 11:00:05"
"05049","734","913","231","220","821","375","1463","68","116","05-12-2021 11:00:05"
"05050","745","869","214","176","880","344","1398","75","141","05-12-2021 11:00:05"
"05051","761","874","213","257","808","357","1454","53","128","05-12-2021 11:00:05"
"05052","637","810","215","195","699","338","1321","58","68","05-12-2021 11:00:05"
"05053","697","795","201","213","713","365","1314","84","94","05-12-2021 11:00:05"
"05054","474","590","140","147","520","257","901","61","102","05-12-2021 11:00:05"
"05055","657","763","199","216","676","329","1267","45","108","05-12-2021 11:00:05"
"05056","517","721","168","146","602","322","1009","87","142","05-12-2021 11:00:05"
"05057","767","876","166","214","803","460","1441","69","133","05-12-2021 11:00:05"
"05058","730","857","226","217","788","356","1288","117","182","05-12-2021 11:00:05"
"05059","691","886","187","185","830","375","1308","106","163","05-12-2021 11:00:05"
"05060","523","659","177","164","587","254","951","108","123","05-12-2021 11:00:05"
"05061","644","830","136","121","897","320","1150","141","183","05-12-2021 11:00:05"
"05062","708","917","219","183","870","353","1348","112","165","05-12-2021 11:00:05"
"05063","702","834","199","165","838","334","1323","85","128","05-12-2021 11:00:05"
"05064","688","880","179","168","869","352","1279","123","166","05-12-2021 11:00:05"
"05065","769","916","218","202","902","363","1319","144","222","05-12-2021 11:00:05"
"05066","600","733","154","165","698","316","1122","76","135","05-12-2021 11:00:05"
"05067","603","706","177","153","667","312","1097","97","115","05-12-2021 11:00:05"
"05068","720","825","211","165","861","308","1256","138","151","05-12-2021 11:00:05"
"05069","817","902","248","171","985","315","1454","116","149","05-12-2021 11:00:05"
"05070","655","802","195","148","792","322","1196","114","147","05-12-2021 11:00:05"
"05071","732","919","188","187","941","335","1306","136","209","05-12-2021 11:00:05"
"05072","755","932","230","184","863","410","1461","88","138","05-12-2021 11:00:05"
"05073","731","861","197","137","906","352","1332","110","150","05-12-2021 11:00:05"
"05074","736","914","217","202","839","392","1427","106","117","05-12-2021 11:00:05"
"05075","809","1045","264","210","950","430","1570","127","157","05-12-2021 11:00:05"
"05076","635","768","213","119","725","346","1207","90","106","05-12-2021 11:00:05"
"05077","678","819","203","234","762","298","1304","75","118","05-12-2021 11:00:05"
"05078","978","1145","351","286","1065","421","1880","96","147","05-12-2021 11:00:05"
"05079","551","669","144","141","658","277","1053","76","91","05-12-2021 11:00:05"
"05080","611","737","166","154","755","273","1106","100","142","05-12-2021 11:00:05"
"05081","725","883","240","178","855","335","1329","109","170","05-12-2021 11:00:05"
"05082","740","877","200","169","918","330","1341","134","142","05-12-2021 11:00:05"
"05083","600","729","158","134","747","290","1124","88","117","05-12-2021 11:00:05"
"05084","618","744","163","134","752","313","1096","125","141","05-12-2021 11:00:05"
"05085","620","708","185","144","761","238","1065","112","151","05-12-2021 11:00:05"
"05086","627","708","188","127","758","262","1110","105","120","05-12-2021 11:00:05"
"05087","721","890","198","169","920","324","1344","77","190","05-12-2021 11:00:05"
"05088","861","910","210","226","969","366","1480","95","196","05-12-2021 11:00:05"
"05089","847","962","272","161","987","389","1498","148","163","05-12-2021 11:00:05"
"05090","854","995","232","166","1051","400","1500","180","169","05-12-2021 11:00:05"
"05091","721","880","221","151","858","371","1339","112","150","05-12-2021 11:00:05"
"05092","723","871","198","190","849","357","1389","86","119","05-12-2021 11:00:05"
"05093","486","635","149","122","606","244","968","51","102","05-12-2021 11:00:05"
"05094","1229","1505","409","327","1388","610","2354","148","232","05-12-2021 11:00:05"
"05095","769","924","238","186","874","395","1395","97","201","05-12-2021 11:00:05"
"05096","502","629","150","106","626","249","944","65","122","05-12-2021 11:00:05"
"05097","794","848","261","171","887","323","1371","139","132","05-12-2021 11:00:05"
"05098","703","837","173","151","861","355","1259","92","189","05-12-2021 11:00:05"
"06001","516","688","153","103","684","264","910","120","174","05-12-2021 11:00:05"
"06002","684","831","172","143","828","372","1207","115","193","05-12-2021 11:00:05"
"06003","1108","1189","300","174","1348","475","1818","199","280","05-12-2021 11:00:05"
"06004","682","707","170","108","782","329","1185","88","116","05-12-2021 11:00:05"
"06006","490","525","136","92","554","233","893","49","73","05-12-2021 11:00:05"
"06007","940","1068","285","197","1140","386","1679","104","225","05-12-2021 11:00:05"
"06008","898","1091","236","199","1098","456","1641","110","238","05-12-2021 11:00:05"
"06009","595","665","175","154","651","280","1091","79","90","05-12-2021 11:00:05"
"06010","497","529","116","104","527","279","870","47","109","05-12-2021 11:00:05"
"06011","628","688","157","149","671","339","1154","65","97","05-12-2021 11:00:05"
"06012","557","631","149","117","586","336","1001","89","98","05-12-2021 11:00:05"
"06013","839","954","197","167","1085","344","1402","126","265","05-12-2021 11:00:05"
"06014","639","772","167","120","743","381","1191","80","140","05-12-2021 11:00:05"
"06015","669","770","188","123","853","275","1140","79","220","05-12-2021 11:00:05"
"06016","739","853","206","161","953","272","1257","87","248","05-12-2021 11:00:05"
"06017","666","738","182","140","796","286","1173","87","144","05-12-2021 11:00:05"
"06018","615","685","162","82","786","270","982","161","157","05-12-2021 11:00:05"
"06019","715","791","186","134","869","317","1232","112","162","05-12-2021 11:00:05"
"06020","546","639","133","99","669","284","919","92","174","05-12-2021 11:00:05"
"06021","640","729","203","127","692","347","1149","71","149","05-12-2021 11:00:05"
"06022","700","697","164","178","734","321","1071","128","198","05-12-2021 11:00:05"
"06023","588","702","152","101","604","433","1219","38","33","05-12-2021 11:00:05"
"06024","777","925","237","130","892","443","1468","91","143","05-12-2021 11:00:05"
"06025","636","785","191","125","727","378","1294","33","94","05-12-2021 11:00:05"
"06026","476","580","111","89","580","276","859","58","139","05-12-2021 11:00:05"
"06027","548","671","151","114","646","308","1028","71","120","05-12-2021 11:00:05"
"06028","636","699","159","95","826","255","1025","127","183","05-12-2021 11:00:05"
"06029","616","712","105","91","784","348","1054","114","160","05-12-2021 11:00:05"
"06030","624","705","144","90","858","237","983","156","190","05-12-2021 11:00:05"
"06031","502","621","94","70","729","230","849","148","126","05-12-2021 11:00:05"
"06032","509","635","139","83","681","241","928","95","121","05-12-2021 11:00:05"
"06033","579","694","122","99","782","270","981","146","146","05-12-2021 11:00:05"
"06034","536","644","125","80","729","246","926","118","136","05-12-2021 11:00:05"
"06035","500","581","110","87","614","270","884","91","106","05-12-2021 11:00:05"
"06036","628","801","160","136","739","394","1167","110","152","05-12-2021 11:00:05"
"06037","533","591","172","115","602","235","878","118","128","05-12-2021 11:00:05"
"06038","641","863","178","143","885","298","1184","149","171","05-12-2021 11:00:05"
"06039","714","879","167","107","1071","248","1101","259","233","05-12-2021 11:00:05"
"06040","726","954","174","141","979","386","1272","196","212","05-12-2021 11:00:05"
"06041","802","964","235","185","1011","335","1355","175","236","05-12-2021 11:00:05"
"06042","800","905","225","175","1021","284","1264","192","249","05-12-2021 11:00:05"
"06043","621","684","155","129","788","233","894","180","231","05-12-2021 11:00:05"
"06044","763","841","182","183","949","290","1123","215","266","05-12-2021 11:00:05"
"06045","606","691","145","106","855","191","893","203","201","05-12-2021 11:00:05"
"06046","527","630","112","96","759","190","821","145","191","05-12-2021 11:00:05"
"06047","555","675","116","91","836","187","820","222","188","05-12-2021 11:00:05"
"06048","653","749","124","116","944","218","920","214","268","05-12-2021 11:00:05"
"06049","488","634","129","88","697","208","821","150","151","05-12-2021 11:00:05"
"06050","623","701","147","85","881","211","902","184","238","05-12-2021 11:00:05"
"06051","539","675","140","112","749","213","904","142","168","05-12-2021 11:00:05"
"06052","680","822","170","106","925","301","1160","184","158","05-12-2021 11:00:05"
"06053","694","812","182","97","950","277","1101","194","211","05-12-2021 11:00:05"
"06054","778","841","196","114","1049","260","1168","240","211","05-12-2021 11:00:05"
"06055","635","778","142","112","898","261","1082","139","192","05-12-2021 11:00:05"
"06056","721","874","167","120","1113","195","1130","233","232","05-12-2021 11:00:05"
"06057","689","865","161","118","1007","268","1123","204","227","05-12-2021 11:00:05"
"06058","762","935","159","118","1147","273","1228","195","274","05-12-2021 11:00:05"
"06059","700","797","137","128","931","301","1163","155","179","05-12-2021 11:00:05"
"06060","815","933","171","152","1120","305","1336","196","216","05-12-2021 11:00:05"
"06061","615","673","112","93","811","272","1014","120","154","05-12-2021 11:00:05"
"06062","568","680","144","104","738","262","976","112","160","05-12-2021 11:00:05"
"06063","667","812","166","121","924","268","1145","137","197","05-12-2021 11:00:05"
"06064","875","1046","209","166","1107","439","1570","152","199","05-12-2021 11:00:05"
"06065","534","606","120","90","638","292","955","83","102","05-12-2021 11:00:05"
"06066","435","555","110","54","595","231","768","108","114","05-12-2021 11:00:05"
"06067","811","952","187","127","1104","345","1365","176","222","05-12-2021 11:00:05"
"06068","693","902","181","147","925","342","1265","145","185","05-12-2021 11:00:05"
"06069","491","564","103","77","642","233","815","118","122","05-12-2021 11:00:05"
"06070","833","1055","197","152","1140","399","1442","182","264","05-12-2021 11:00:05"
"06071","500","579","90","103","615","271","869","67","143","05-12-2021 11:00:05"
"06072","757","879","178","138","878","442","1376","100","160","05-12-2021 11:00:05"
"06073","624","731","104","113","767","371","1125","83","147","05-12-2021 11:00:05"
"06074","533","583","132","94","661","229","866","95","155","05-12-2021 11:00:05"
"06075","500","561","115","80","518","348","964","44","53","05-12-2021 11:00:05"
"06076","628","701","163","108","666","392","1109","69","151","05-12-2021 11:00:05"
"06077","535","639","141","97","721","215","945","75","154","05-12-2021 11:00:05"
"06078","588","695","113","108","835","227","969","138","176","05-12-2021 11:00:05"
"06079","501","608","126","78","647","258","891","95","123","05-12-2021 11:00:05"
"06080","534","620","128","102","604","320","974","62","118","05-12-2021 11:00:05"
"06081","594","717","147","99","773","292","1027","114","170","05-12-2021 11:00:05"
"06082","1435","1428","321","272","1824","446","1847","255","761","05-12-2021 11:00:05"
"06083","796","867","182","114","899","468","1459","81","123","05-12-2021 11:00:05"
"06084","658","831","182","120","864","323","1223","106","160","05-12-2021 11:00:05"
"06085","577","703","145","123","677","335","1079","98","103","05-12-2021 11:00:05"
"06086","447","521","102","80","508","278","850","51","67","05-12-2021 11:00:05"
"06087","849","1001","218","104","879","649","1676","64","110","05-12-2021 11:00:05"
"06088","561","702","134","115","692","322","1082","79","102","05-12-2021 11:00:05"
"07001","706","871","157","123","766","531","1400","46","131","05-12-2021 11:00:05"
"07002","500","646","111","82","638","315","1004","49","93","05-12-2021 11:00:05"
"07003","620","717","182","105","777","273","1033","93","211","05-12-2021 11:00:05"
"07004","713","847","160","141","918","341","1169","114","277","05-12-2021 11:00:05"
"07005","697","781","154","107","898","319","1199","95","184","05-12-2021 11:00:05"
"07006","456","513","82","73","519","295","842","46","81","05-12-2021 11:00:05"
"07007","626","765","128","112","711","440","1151","72","168","05-12-2021 11:00:05"
"07008","663","737","137","109","703","451","1233","57","110","05-12-2021 11:00:05"
"07009","538","698","110","111","767","248","973","100","163","05-12-2021 11:00:05"
"07010","623","683","143","107","780","276","1056","67","183","05-12-2021 11:00:05"
"07011","534","624","102","91","707","258","806","128","224","05-12-2021 11:00:05"
"07012","699","850","183","110","900","356","1229","119","201","05-12-2021 11:00:05"
"07013","566","638","91","95","674","344","1042","39","123","05-12-2021 11:00:05"
"07014","414","471","74","70","516","225","685","55","145","05-12-2021 11:00:05"
"07015","667","739","169","112","772","353","1186","64","156","05-12-2021 11:00:05"
"07016","679","710","164","131","755","339","1183","96","110","05-12-2021 11:00:05"
"07017","776","953","220","151","1001","357","1418","115","196","05-12-2021 11:00:05"
"07018","772","916","223","154","945","366","1386","78","224","05-12-2021 11:00:05"
"07019","721","786","163","140","844","360","1221","88","198","05-12-2021 11:00:05"
"07020","792","919","229","149","984","349","1316","120","275","05-12-2021 11:00:05"
"07021","521","554","129","89","580","277","933","53","89","05-12-2021 11:00:05"
"07022","549","616","133","102","659","271","992","33","140","05-12-2021 11:00:05"
"07023","651","672","143","128","817","235","1062","99","162","05-12-2021 11:00:05"
"07024","702","799","177","133","877","314","1237","86","178","05-12-2021 11:00:05"
"07025","689","772","168","132","884","277","1122","114","225","05-12-2021 11:00:05"
"07026","521","605","133","78","610","305","942","72","112","05-12-2021 11:00:05"
"07027","991","1137","314","243","1168","403","1682","118","328","05-12-2021 11:00:05"
"07028","719","757","195","136","908","237","1177","100","199","05-12-2021 11:00:05"
"07029","630","689","139","113","721","346","1084","78","157","05-12-2021 11:00:05"
"07030","612","758","183","106","761","320","1117","47","206","05-12-2021 11:00:05"
"07031","762","814","196","148","931","301","1252","88","236","05-12-2021 11:00:05"
"07032","706","748","160","150","834","310","1200","58","196","05-12-2021 11:00:05"
"07033","665","758","154","131","799","339","1198","82","143","05-12-2021 11:00:05"
"07034","845","959","251","172","1031","350","1563","82","159","05-12-2021 11:00:05"
"07035","815","936","205","162","964","420","1515","81","155","05-12-2021 11:00:05"
"07036","642","762","145","119","788","352","1216","61","127","05-12-2021 11:00:05"
"07037","695","796","157","137","840","357","1215","79","197","05-12-2021 11:00:05"
"07038","603","676","118","133","676","352","1088","61","130","05-12-2021 11:00:05"
"07039","750","868","145","167","1003","303","1291","115","212","05-12-2021 11:00:05"
"07040","677","826","173","124","902","304","1224","90","189","05-12-2021 11:00:05"
"07041","610","760","146","122","833","269","1043","83","244","05-12-2021 11:00:05"
"07042","688","854","178","97","913","354","1301","50","191","05-12-2021 11:00:05"
"07043","657","760","164","140","811","302","1157","70","190","05-12-2021 11:00:05"
"07044","606","693","114","116","713","356","1101","64","134","05-12-2021 11:00:05"
"07045","757","805","200","136","882","344","1305","68","189","05-12-2021 11:00:05"
"07046","649","770","173","115","730","401","1162","47","210","05-12-2021 11:00:05"
"07047","691","755","159","114","857","316","1213","69","164","05-12-2021 11:00:05"
"07048","617","722","147","132","746","314","1143","48","148","05-12-2021 11:00:05"
"07049","577","630","116","106","649","336","1006","52","149","05-12-2021 11:00:05"
"07050","570","641","140","110","738","223","947","74","190","05-12-2021 11:00:05"
"07051","839","1000","246","178","1072","343","1470","100","269","05-12-2021 11:00:05"
"07052","611","654","197","92","628","348","1141","70","54","05-12-2021 11:00:05"
"07053","709","783","168","134","823","367","1342","38","112","05-12-2021 11:00:05"
"07054","786","863","234","170","867","378","1489","44","116","05-12-2021 11:00:05"
"07055","553","657","156","139","574","341","1160","21","29","05-12-2021 11:00:05"
"07056","580","605","144","126","647","268","1046","49","90","05-12-2021 11:00:05"
"07057","681","757","174","158","781","325","1300","31","107","05-12-2021 11:00:05"
"07058","652","697","162","135","720","332","1258","40","51","05-12-2021 11:00:05"
"07059","647","688","150","108","787","290","1062","106","167","05-12-2021 11:00:05"
"07060","930","956","207","175","1129","375","1578","101","207","05-12-2021 11:00:05"
"07061","592","615","150","128","654","275","1069","30","108","05-12-2021 11:00:05"
"07062","670","719","194","122","820","253","1113","72","204","05-12-2021 11:00:05"
"07063","697","758","210","132","798","315","1220","29","206","05-12-2021 11:00:05"
"07064","803","899","200","189","938","375","1373","47","282","05-12-2021 11:00:05"
"07065","796","944","217","179","986","358","1281","88","371","05-12-2021 11:00:05"
"07066","835","894","210","148","1004","367","1343","73","313","05-12-2021 11:00:05"
"07067","752","824","204","165","918","289","1196","71","309","05-12-2021 11:00:05"
"07068","611","718","173","136","761","259","1024","50","255","05-12-2021 11:00:05"
"07069","689","763","168","138","820","326","1134","43","275","05-12-2021 11:00:05"
"07070","670","778","173","164","798","313","1144","29","275","05-12-2021 11:00:05"
"07071","624","709","151","111","693","378","1158","30","145","05-12-2021 11:00:05"
"07072","640","729","151","138","772","308","1166","37","166","05-12-2021 11:00:05"
"07073","529","607","129","97","607","303","892","27","217","05-12-2021 11:00:05"
"07074","809","865","198","170","933","373","1385","31","258","05-12-2021 11:00:05"
"07075","562","611","115","113","649","296","964","19","190","05-12-2021 11:00:05"
"07076","673","742","169","144","760","342","1136","42","237","05-12-2021 11:00:05"
"07077","648","678","151","136","772","267","1092","39","195","05-12-2021 11:00:05"
"07078","679","708","185","108","794","300","1126","72","189","05-12-2021 11:00:05"
"07079","679","776","167","134","773","381","1159","37","259","05-12-2021 11:00:05"
"07080","856","954","278","174","1036","322","1498","61","251","05-12-2021 11:00:05"
"07081","936","1012","177","218","1098","455","1680","56","212","05-12-2021 11:00:05"
"07082","600","647","133","134","721","259","1037","55","155","05-12-2021 11:00:05"
"07083","642","706","152","118","757","321","1089","33","226","05-12-2021 11:00:05"
"07084","685","678","176","122","784","281","1072","69","222","05-12-2021 11:00:05"
"07085","622","667","150","143","744","252","1082","43","164","05-12-2021 11:00:05"
"07086","717","777","191","122","885","296","1169","54","271","05-12-2021 11:00:05"
"07087","738","877","199","137","903","376","1351","61","203","05-12-2021 11:00:05"
"07088","825","898","233","201","1018","271","1368","60","295","05-12-2021 11:00:05"
"07089","617","762","151","136","730","362","1161","52","166","05-12-2021 11:00:05"
"07090","710","749","218","136","795","310","1284","56","119","05-12-2021 11:00:05"
"07091","580","673","142","140","694","277","1005","44","204","05-12-2021 11:00:05"
"07092","662","842","174","142","824","364","1071","35","398","05-12-2021 11:00:05"
"07093","867","873","218","231","880","411","1382","43","315","05-12-2021 11:00:05"
"07094","566","677","142","93","700","308","1037","46","160","05-12-2021 11:00:05"
"07095","719","801","169","168","860","323","1273","57","190","05-12-2021 11:00:05"
"07096","649","785","149","147","837","301","1170","64","200","05-12-2021 11:00:05"
"07097","368","502","91","45","403","331","756","31","83","05-12-2021 11:00:05"
"07098","1007","1146","302","236","1132","483","1986","61","106","05-12-2021 11:00:05"
"07099","505","539","75","95","638","236","975","21","48","05-12-2021 11:00:05"
"07100","545","644","122","82","578","407","1031","44","114","05-12-2021 11:00:05"
"07101","693","827","143","120","721","536","1279","53","188","05-12-2021 11:00:05"
"07102","353","321","116","54","428","76","578","23","73","05-12-2021 11:00:05"
"07103","729","802","182","208","852","289","1169","63","299","05-12-2021 11:00:05"
"07104","740","826","217","126","836","387","1350","48","168","05-12-2021 11:00:05"
"07105","485","552","103","96","541","297","961","18","58","05-12-2021 11:00:05"
"07106","535","650","154","103","627","301","1077","8","100","05-12-2021 11:00:05"
"07107","557","614","132","104","620","315","1077","27","67","05-12-2021 11:00:05"
"07108","575","666","139","118","655","329","1128","32","81","05-12-2021 11:00:05"
"07109","792","902","206","140","906","442","1442","54","198","05-12-2021 11:00:05"
"07110","448","575","103","91","473","356","935","16","72","05-12-2021 11:00:05"
"07111","386","504","97","76","387","330","841","15","34","05-12-2021 11:00:05"
"07112","615","684","155","118","718","308","1150","41","108","05-12-2021 11:00:05"
"07113","561","617","152","137","679","210","1029","18","131","05-12-2021 11:00:05"
"07114","552","633","148","106","657","274","1094","34","57","05-12-2021 11:00:05"
"07115","494","584","124","120","556","278","1012","33","33","05-12-2021 11:00:05"
"07116","676","815","217","130","804","340","1353","38","100","05-12-2021 11:00:05"
"07117","1494","1339","353","283","1884","313","1333","108","1392","05-12-2021 11:00:05"
"07118","571","673","164","120","665","295","1078","32","134","05-12-2021 11:00:05"
"07119","602","691","159","120","757","257","1083","29","181","05-12-2021 11:00:05"
"07120","558","682","124","91","655","370","1073","23","144","05-12-2021 11:00:05"
"07121","522","633","115","94","611","335","924","27","204","05-12-2021 11:00:05"
"07122","590","709","154","95","693","357","1151","14","134","05-12-2021 11:00:05"
"07123","677","758","161","171","739","364","1266","25","144","05-12-2021 11:00:05"
"08001","595","686","127","109","681","364","1141","22","118","05-12-2021 11:00:05"
"08002","586","666","156","126","648","322","1129","33","90","05-12-2021 11:00:05"
"08003","555","646","126","102","643","330","1045","29","127","05-12-2021 11:00:05"
"08004","647","789","187","123","773","353","1132","34","270","05-12-2021 11:00:05"
"08005","542","603","103","125","598","319","1000","25","120","05-12-2021 11:00:05"
"08006","767","893","199","197","895","369","1341","60","259","05-12-2021 11:00:05"
"08007","529","629","111","97","592","358","1032","30","96","05-12-2021 11:00:05"
"08008","757","879","182","149","883","422","1367","57","212","05-12-2021 11:00:05"
"08009","863","936","221","160","1082","336","1444","67","288","05-12-2021 11:00:05"
"08010","512","572","108","105","610","261","978","13","93","05-12-2021 11:00:05"
"08011","534","623","131","130","614","282","1023","30","104","05-12-2021 11:00:05"
"08012","574","724","131","124","744","299","1129","36","133","05-12-2021 11:00:05"
"08013","538","641","140","111","609","319","1015","32","132","05-12-2021 11:00:05"
"08014","586","679","135","144","727","259","1054","37","174","05-12-2021 11:00:05"
"08015","604","759","149","131","772","311","1102","41","220","05-12-2021 11:00:05"
"08016","510","640","145","108","583","314","935","29","186","05-12-2021 11:00:05"
"08017","656","720","157","105","710","404","1168","41","167","05-12-2021 11:00:05"
"08018","699","802","143","147","803","408","1270","21","210","05-12-2021 11:00:05"
"08019","856","998","222","151","1077","404","1403","58","393","05-12-2021 11:00:05"
"08020","641","709","150","118","786","296","1099","26","225","05-12-2021 11:00:05"
"08021","662","800","167","138","789","368","1228","26","208","05-12-2021 11:00:05"
"08022","567","641","122","107","662","317","1025","19","164","05-12-2021 11:00:05"
"08023","650","736","184","130","793","279","1108","32","246","05-12-2021 11:00:05"
"08024","607","744","145","124","743","339","1131","35","185","05-12-2021 11:00:05"
"08025","534","692","155","118","675","278","952","43","231","05-12-2021 11:00:05"
"08026","624","734","173","126","731","328","1142","37","179","05-12-2021 11:00:05"
"08027","696","710","193","103","741","369","1256","41","109","05-12-2021 11:00:05"
"08028","486","582","116","70","544","338","943","21","104","05-12-2021 11:00:05"
"08029","693","794","198","173","821","295","1305","27","155","05-12-2021 11:00:05"
"08030","695","760","202","142","807","304","1177","43","235","05-12-2021 11:00:05"
"08031","584","673","143","117","618","379","1087","21","149","05-12-2021 11:00:05"
"08032","588","691","142","100","681","356","1087","27","165","05-12-2021 11:00:05"
"08033","704","782","192","150","821","323","1186","40","260","05-12-2021 11:00:05"
"08034","526","698","144","107","661","312","934","16","274","05-12-2021 11:00:05"
"08035","2452","2100","437","436","3169","510","1811","125","2616","05-12-2021 11:00:05"
"08036","690","836","190","140","874","322","1171","31","324","05-12-2021 11:00:05"
"08037","690","851","177","140","844","380","1228","24","289","05-12-2021 11:00:05"
"08038","738","877","212","177","941","285","1200","25","390","05-12-2021 11:00:05"
"08039","748","814","201","141","870","350","1211","32","319","05-12-2021 11:00:05"
"08040","880","1021","306","185","1106","304","1521","27","353","05-12-2021 11:00:05"
"08041","1237","1283","450","306","1475","289","1611","50","859","05-12-2021 11:00:05"
"08042","536","691","129","93","592","413","1076","8","143","05-12-2021 11:00:05"
"08043","490","642","120","120","591","301","1015","12","105","05-12-2021 11:00:05"
"08044","635","706","181","127","792","241","998","33","310","05-12-2021 11:00:05"
"08045","852","907","231","188","1049","291","1250","58","451","05-12-2021 11:00:05"
"08046","663","801","180","137","854","293","1138","27","299","05-12-2021 11:00:05"
"08047","760","894","249","179","933","293","1154","41","459","05-12-2021 11:00:05"
"08048","463","514","125","94","530","228","876","9","92","05-12-2021 11:00:05"
"08049","571","656","154","122","689","262","1094","22","111","05-12-2021 11:00:05"
"08050","653","735","147","98","671","472","1278","31","79","05-12-2021 11:00:05"
"08051","642","700","203","148","721","270","1241","13","88","05-12-2021 11:00:05"
"08052","401","492","103","64","476","250","795","16","82","05-12-2021 11:00:05"
"08053","516","608","125","102","520","377","1037","21","66","05-12-2021 11:00:05"
"08054","723","878","141","155","785","520","1454","30","117","05-12-2021 11:00:05"
"08055","842","955","187","146","758","706","1694","29","74","05-12-2021 11:00:05"
"08056","710","771","160","138","805","378","1294","17","170","05-12-2021 11:00:05"
"08057","608","717","135","135","695","360","1146","27","152","05-12-2021 11:00:05"
"08058","754","870","169","160","924","371","1386","31","207","05-12-2021 11:00:05"
"08059","471","527","112","92","558","236","888","14","96","05-12-2021 11:00:05"
"08060","537","646","125","90","585","383","1106","14","63","05-12-2021 11:00:05"
"08061","797","849","192","159","859","436","1526","18","102","05-12-2021 11:00:05"
"08062","532","594","84","102","557","383","1075","11","40","05-12-2021 11:00:05"
"08063","507","556","82","79","466","436","1002","8","53","05-12-2021 11:00:05"
"08064","859","942","224","172","967","438","1623","23","155","05-12-2021 11:00:05"
"08065","899","870","309","233","1006","221","1346","61","362","05-12-2021 11:00:05"
"08066","766","809","263","195","893","224","1254","30","291","05-12-2021 11:00:05"
"08067","890","947","250","223","1036","328","1442","47","348","05-12-2021 11:00:05"
"08068","907","986","288","198","1057","350","1417","31","445","05-12-2021 11:00:05"
"08069","754","810","214","161","893","296","1164","40","360","05-12-2021 11:00:05"
"08070","710","772","238","152","823","269","1114","33","335","05-12-2021 11:00:05"
"08071","834","889","221","189","968","345","1371","21","331","05-12-2021 11:00:05"
"08072","547","643","150","124","610","306","984","30","176","05-12-2021 11:00:05"
"08073","832","913","228","181","1056","280","1198","49","498","05-12-2021 11:00:05"
"08074","743","785","244","178","862","244","1095","42","391","05-12-2021 11:00:05"
"08075","859","1028","232","196","1062","397","1423","45","419","05-12-2021 11:00:05"
"08076","714","878","197","116","834","445","1299","36","257","05-12-2021 11:00:05"
"08077","660","752","194","153","786","279","1216","18","178","05-12-2021 11:00:05"
"08078","722","832","185","156","917","296","1154","47","353","05-12-2021 11:00:05"
"08079","675","770","199","150","844","252","1097","42","306","05-12-2021 11:00:05"
"08080","748","799","198","166","844","339","1156","46","345","05-12-2021 11:00:05"
"08081","789","844","258","194","929","252","1163","40","430","05-12-2021 11:00:05"
"08082","726","892","179","144","917","378","1232","28","358","05-12-2021 11:00:05"
"08083","606","687","164","117","731","281","962","44","287","05-12-2021 11:00:05"
"08084","494","607","126","93","569","313","944","15","142","05-12-2021 11:00:05"
"08085","725","777","188","175","865","274","1164","29","309","05-12-2021 11:00:05"
"08086","763","896","203","170","892","394","1343","37","279","05-12-2021 11:00:05"
"08087","572","654","153","106","647","320","1006","14","206","05-12-2021 11:00:05"
"08088","588","674","156","118","703","285","1026","32","204","05-12-2021 11:00:05"
"08089","570","657","152","100","696","279","969","36","222","05-12-2021 11:00:05"
"08090","580","634","153","117","633","311","998","24","192","05-12-2021 11:00:05"
"08091","562","633","101","122","646","326","982","22","191","05-12-2021 11:00:05"
"08092","473","522","109","79","480","327","854","11","130","05-12-2021 11:00:05"
"08093","616","644","159","128","666","307","1097","11","152","05-12-2021 11:00:05"
"08094","682","755","122","141","658","516","1270","25","142","05-12-2021 11:00:05"
"08095","521","567","104","115","537","332","986","15","87","05-12-2021 11:00:05"
"08096","728","804","203","162","853","314","1286","43","203","05-12-2021 11:00:05"
"08097","609","719","174","147","741","266","1117","14","197","05-12-2021 11:00:05"
"08098","597","680","157","156","694","270","1035","25","217","05-12-2021 11:00:05"
"08099","684","736","181","146","840","253","1123","48","249","05-12-2021 11:00:05"
"08100","568","695","146","114","713","290","1024","27","212","05-12-2021 11:00:05"
"08101","789","903","210","142","859","481","1479","16","197","05-12-2021 11:00:05"
"08102","704","883","176","146","818","447","1204","29","354","05-12-2021 11:00:05"
"08103","829","841","244","178","1005","243","1128","37","505","05-12-2021 11:00:05"
"08104","593","653","147","132","735","232","965","25","256","05-12-2021 11:00:05"
"08105","668","760","180","163","801","284","1136","24","268","05-12-2021 11:00:05"
"08106","597","658","183","161","701","210","861","37","357","05-12-2021 11:00:05"
"08107","894","995","218","222","1086","363","1635","16","238","05-12-2021 11:00:05"
"08108","960","975","330","251","1133","221","1470","67","398","05-12-2021 11:00:05"
"08109","494","491","145","127","544","169","858","14","113","05-12-2021 11:00:05"
"08110","1018","1019","384","248","1156","249","1289","35","713","05-12-2021 11:00:05"
"08111","809","866","273","201","924","277","1153","29","493","05-12-2021 11:00:05"
"08112","866","869","297","196","954","288","1169","31","535","05-12-2021 11:00:05"
"08113","866","934","305","233","936","326","1278","31","491","05-12-2021 11:00:05"
"08114","986","1000","317","219","1077","373","1396","33","557","05-12-2021 11:00:05"
"08115","857","869","287","197","945","297","1170","35","521","05-12-2021 11:00:05"
"08116","705","732","241","155","780","261","1200","34","203","05-12-2021 11:00:05"
"08215","679","920","312","131","835","321","1301","41","257","05-12-2021 11:00:05"
"09001","1449","1311","509","351","1587","313","1660","81","1019","05-12-2021 11:00:05"
"09002","1095","1070","358","261","1229","317","1427","80","658","05-12-2021 11:00:05"
"09003","1133","1067","362","244","1229","365","1523","76","601","05-12-2021 11:00:05"
"09004","784","770","228","177","886","263","1124","33","397","05-12-2021 11:00:05"
"09005","865","894","260","184","1028","287","1445","55","259","05-12-2021 11:00:05"
"09006","626","644","189","135","723","223","1101","28","141","05-12-2021 11:00:05"
"09007","646","699","206","167","762","210","1112","19","214","05-12-2021 11:00:05"
"09008","937","931","452","236","1059","121","1738","29","101","05-12-2021 11:00:05"
"09009","659","735","222","160","699","313","1280","18","96","05-12-2021 11:00:05"
"09010","874","935","197","202","961","449","1618","15","176","05-12-2021 11:00:05"
"09011","812","847","222","189","898","350","1457","25","177","05-12-2021 11:00:05"
"09013","981","1053","355","242","1143","294","1543","45","446","05-12-2021 11:00:05"
"09014","1695","1376","344","342","2009","376","1616","113","1342","05-12-2021 11:00:05"
"09015","888","952","250","221","1059","310","1415","50","375","05-12-2021 11:00:05"
"09016","616","687","118","115","732","338","1230","11","62","05-12-2021 11:00:05"
"09017","721","791","198","178","861","275","1374","29","109","05-12-2021 11:00:05"
"09018","708","759","192","126","792","357","1391","18","58","05-12-2021 11:00:05"
"09019","1300","1368","411","232","1486","539","2499","47","122","05-12-2021 11:00:05"
"09020","515","604","112","92","573","342","1046","13","60","05-12-2021 11:00:05"
"09021","651","759","170","124","768","348","1256","43","111","05-12-2021 11:00:05"
"09022","611","667","170","119","687","302","1153","26","99","05-12-2021 11:00:05"
"09023","613","613","169","114","691","252","1124","40","62","05-12-2021 11:00:05"
"09024","531","664","156","94","649","296","1097","19","79","05-12-2021 11:00:05"
"09025","569","663","160","117","702","253","1084","28","120","05-12-2021 11:00:05"
"09026","697","798","167","113","821","394","1363","37","95","05-12-2021 11:00:05"
"09027","616","669","119","96","671","399","1201","15","69","05-12-2021 11:00:05"
"09028","763","804","286","205","864","212","1533","16","18","05-12-2021 11:00:05"
"09029","519","577","117","87","574","318","999","14","83","05-12-2021 11:00:05"
"09030","681","776","243","130","801","283","1369","18","70","05-12-2021 11:00:05"
"09031","579","600","195","168","610","206","1124","14","41","05-12-2021 11:00:05"
"09032","1032","1141","408","236","1256","273","1881","42","250","05-12-2021 11:00:05"
"09033","1560","1667","418","247","1863","699","2797","79","351","05-12-2021 11:00:05"
"09034","660","745","144","126","711","424","1217","25","163","05-12-2021 11:00:05"
"09035","739","816","181","119","847","408","1353","42","160","05-12-2021 11:00:05"
"09036","649","737","135","117","720","414","1297","21","68","05-12-2021 11:00:05"
"09037","836","824","191","229","868","372","1333","20","307","05-12-2021 11:00:05"
"09038","801","952","258","153","960","382","1597","26","130","05-12-2021 11:00:05"
"09039","715","809","167","130","865","362","1371","37","116","05-12-2021 11:00:05"
"09040","751","855","246","135","915","310","1431","33","142","05-12-2021 11:00:05"
"09041","632","748","175","123","755","327","1252","41","87","05-12-2021 11:00:05"
"09042","563","698","140","93","730","298","1115","40","106","05-12-2021 11:00:05"
"09043","629","704","154","117","734","328","1146","49","138","05-12-2021 11:00:05"
"09044","753","785","205","144","863","326","1360","47","131","05-12-2021 11:00:05"
"09045","642","767","188","115","776","330","1283","23","103","05-12-2021 11:00:05"
"09046","633","706","172","101","740","326","1208","43","88","05-12-2021 11:00:05"
"09047","742","831","206","135","923","309","1408","48","117","05-12-2021 11:00:05"
"09048","629","727","157","109","712","378","1226","25","105","05-12-2021 11:00:05"
"09049","598","705","156","109","714","324","1078","17","208","05-12-2021 11:00:05"
"09050","717","789","171","131","849","355","1327","49","130","05-12-2021 11:00:05"
"09051","633","666","146","115","731","307","1133","55","111","05-12-2021 11:00:05"
"09052","570","631","146","96","658","301","1081","28","92","05-12-2021 11:00:05"
"09053","771","876","204","138","877","428","1488","41","118","05-12-2021 11:00:05"
"09054","506","580","113","96","578","299","970","24","92","05-12-2021 11:00:05"
"09055","814","924","231","121","856","530","1425","38","275","05-12-2021 11:00:05"
"09056","528","586","83","70","547","414","995","17","102","05-12-2021 11:00:05"
"09057","811","890","190","151","980","380","1303","70","328","05-12-2021 11:00:05"
"09058","729","815","244","165","881","254","1288","39","217","05-12-2021 11:00:05"
"09059","688","727","182","102","789","342","1240","48","127","05-12-2021 11:00:05"
"09060","620","725","157","120","750","318","1155","38","152","05-12-2021 11:00:05"
"09061","763","837","227","152","876","345","1480","41","79","05-12-2021 11:00:05"
"09062","702","761","234","122","866","241","1252","63","148","05-12-2021 11:00:05"
"09063","550","603","123","96","696","238","1010","58","85","05-12-2021 11:00:05"
"09064","542","609","119","84","637","311","1022","28","101","05-12-2021 11:00:05"
"09065","961","1134","229","181","1139","546","1696","64","335","05-12-2021 11:00:05"
"09066","677","750","170","100","819","338","1257","54","116","05-12-2021 11:00:05"
"09067","688","825","173","118","867","355","1221","47","245","05-12-2021 11:00:05"
"09068","750","783","175","134","853","371","1346","50","137","05-12-2021 11:00:05"
"09069","419","510","108","82","489","250","790","10","129","05-12-2021 11:00:05"
"09070","821","943","193","150","1000","421","1329","59","376","05-12-2021 11:00:05"
"09071","885","1033","216","168","1042","492","1514","47","357","05-12-2021 11:00:05"
"09072","651","785","173","121","803","339","1122","67","247","05-12-2021 11:00:05"
"09073","698","785","115","115","826","427","1307","31","145","05-12-2021 11:00:05"
"09074","790","880","213","159","942","356","1416","66","188","05-12-2021 11:00:05"
"09075","747","789","201","130","881","324","1275","41","220","05-12-2021 11:00:05"
"09076","676","796","188","106","884","294","1254","46","172","05-12-2021 11:00:05"
"09077","741","882","200","145","912","366","1394","56","173","05-12-2021 11:00:05"
"09078","670","776","154","139","842","311","1198","56","192","05-12-2021 11:00:05"
"09079","764","853","173","142","910","392","1384","54","179","05-12-2021 11:00:05"
"09080","639","700","137","113","755","334","1131","56","152","05-12-2021 11:00:05"
"09081","814","933","207","168","976","396","1482","63","202","05-12-2021 11:00:05"
"09082","952","1056","267","180","1217","344","1624","104","280","05-12-2021 11:00:05"
"09083","760","868","207","151","870","400","1383","50","195","05-12-2021 11:00:05"
"09084","795","902","202","125","981","389","1416","86","195","05-12-2021 11:00:05"
"09085","853","951","204","170","1051","379","1493","93","218","05-12-2021 11:00:05"
"09086","694","812","182","153","832","339","1175","64","267","05-12-2021 11:00:05"
"09087","632","689","141","112","706","362","1106","75","140","05-12-2021 11:00:05"
"09088","858","1067","208","149","1062","506","1598","66","261","05-12-2021 11:00:05"
"09089","663","824","177","111","807","392","1221","51","215","05-12-2021 11:00:05"
"09090","715","821","164","114","841","417","1250","64","222","05-12-2021 11:00:05"
"09091","866","1013","199","185","1028","467","1553","58","268","05-12-2021 11:00:05"
"09092","918","979","183","178","1049","487","1613","62","222","05-12-2021 11:00:05"
"09093","610","676","119","124","715","328","1104","45","137","05-12-2021 11:00:05"
"09094","936","1035","184","212","1120","455","1651","83","237","05-12-2021 11:00:05"
"09095","1028","1130","291","202","1244","421","1779","98","281","05-12-2021 11:00:05"
"09156","584","670","138","69","570","477","1093","41","120","05-12-2021 11:00:05"
"10001","790","832","172","133","973","344","1212","110","300","05-12-2021 11:00:05"
"10002","875","920","209","138","1134","314","1431","136","228","05-12-2021 11:00:05"
"10003","754","829","169","150","925","339","1265","89","229","05-12-2021 11:00:05"
"10004","693","860","206","110","830","407","1284","98","171","05-12-2021 11:00:05"
"10005","742","912","158","125","902","469","1374","68","212","05-12-2021 11:00:05"
"10006","850","998","211","153","1083","401","1494","110","244","05-12-2021 11:00:05"
"10007","630","667","126","93","673","405","1144","51","102","05-12-2021 11:00:05"
"10008","794","929","173","133","972","445","1324","126","273","05-12-2021 11:00:05"
"10009","764","857","136","131","969","385","1234","143","244","05-12-2021 11:00:05"
"10010","810","919","168","149","1057","355","1304","107","318","05-12-2021 11:00:05"
"10011","552","640","110","98","706","278","976","85","131","05-12-2021 11:00:05"
"10012","855","940","184","153","1018","440","1423","108","264","05-12-2021 11:00:05"
"10013","630","750","168","112","800","300","1101","99","180","05-12-2021 11:00:05"
"10014","676","790","138","105","888","335","1056","146","264","05-12-2021 11:00:05"
"10015","940","1035","190","149","1196","440","1448","159","368","05-12-2021 11:00:05"
"10016","610","613","106","87","713","317","958","82","183","05-12-2021 11:00:05"
"10017","756","917","165","136","917","455","1288","109","276","05-12-2021 11:00:05"
"10018","699","768","158","125","922","262","1054","147","266","05-12-2021 11:00:05"
"10019","708","827","132","107","891","405","1274","78","183","05-12-2021 11:00:05"
"10020","699","778","152","114","805","406","1171","78","228","05-12-2021 11:00:05"
"10021","634","688","132","130","769","291","1041","83","198","05-12-2021 11:00:05"
"10022","630","710","137","131","825","247","1047","103","190","05-12-2021 11:00:05"
"10023","666","794","153","135","828","344","1156","105","199","05-12-2021 11:00:05"
"10024","734","773","207","137","893","270","1194","82","231","05-12-2021 11:00:05"
"10025","583","728","132","105","800","274","1025","89","197","05-12-2021 11:00:05"
"10026","736","814","186","135","933","296","1162","110","278","05-12-2021 11:00:05"
"10027","714","822","166","136","869","365","1322","67","147","05-12-2021 11:00:05"
"10028","834","910","172","193","1044","335","1428","68","248","05-12-2021 11:00:05"
"10029","698","726","171","126","818","309","1183","84","157","05-12-2021 11:00:05"
"10030","812","939","195","153","925","478","1543","58","150","05-12-2021 11:00:05"
"10031","738","776","152","92","934","336","1199","101","214","05-12-2021 11:00:05"
"10032","653","707","147","135","855","223","1136","111","113","05-12-2021 11:00:05"
"10033","394","472","57","87","398","324","809","24","33","05-12-2021 11:00:05"
"10034","816","892","202","143","858","505","1478","48","182","05-12-2021 11:00:05"
"10035","954","997","249","258","1083","361","1819","43","89","05-12-2021 11:00:05"
"10036","713","715","204","209","861","154","1206","114","108","05-12-2021 11:00:05"
"10037","504","551","130","93","640","192","754","88","213","05-12-2021 11:00:05"
"10038","774","840","155","155","1000","304","1263","173","178","05-12-2021 11:00:05"
"10039","888","975","222","163","1163","315","1345","203","315","05-12-2021 11:00:05"
"10040","885","931","180","151","1088","397","1359","136","321","05-12-2021 11:00:05"
"10041","771","849","180","125","957","358","1237","130","253","05-12-2021 11:00:05"
"10042","1534","1667","599","207","1972","423","2446","250","505","05-12-2021 11:00:05"
"10043","1203","1250","304","366","1556","227","1466","392","595","05-12-2021 11:00:05"
"10044","747","822","131","128","887","423","1219","161","189","05-12-2021 11:00:05"
"10045","627","670","137","100","752","308","1028","142","127","05-12-2021 11:00:05"
"10046","576","677","117","76","695","365","973","121","159","05-12-2021 11:00:05"
"10047","853","893","148","121","1027","450","1278","216","252","05-12-2021 11:00:05"
"10048","827","826","206","152","975","320","1231","203","219","05-12-2021 11:00:05"
"10049","669","646","147","112","711","345","1065","111","139","05-12-2021 11:00:05"
"10050","757","830","155","136","903","393","1294","109","184","05-12-2021 11:00:05"
"10051","803","822","219","147","941","318","1278","194","153","05-12-2021 11:00:05"
"10052","1224","1225","353","304","1509","283","1909","291","249","05-12-2021 11:00:05"
"10053","847","879","183","201","975","367","1412","156","158","05-12-2021 11:00:05"
"10054","464","511","135","133","550","157","751","131","93","05-12-2021 11:00:05"
"10055","1330","1338","332","395","1435","506","2081","323","264","05-12-2021 11:00:05"
"10056","939","932","266","131","1266","208","1227","325","319","05-12-2021 11:00:05"
"10057","714","727","188","94","933","226","1015","195","231","05-12-2021 11:00:05"
"10058","583","587","158","77","755","180","855","135","180","05-12-2021 11:00:05"
"10059","865","940","241","138","1133","293","1209","293","303","05-12-2021 11:00:05"
"10060","840","839","214","156","1116","193","1157","223","299","05-12-2021 11:00:05"
"10061","842","932","232","136","972","434","1490","145","139","05-12-2021 11:00:05"
"10062","732","780","189","146","880","297","1261","109","142","05-12-2021 11:00:05"
"10063","595","603","132","101","673","292","993","103","102","05-12-2021 11:00:05"
"10064","793","879","218","133","1049","272","1224","233","215","05-12-2021 11:00:05"
"10065","762","814","218","140","949","269","1250","175","151","05-12-2021 11:00:05"
"10066","1022","1080","299","244","1218","341","1645","209","248","05-12-2021 11:00:05"
"10067","931","1023","352","280","1146","176","1584","194","176","05-12-2021 11:00:05"
"10068","816","850","277","224","974","191","1422","139","105","05-12-2021 11:00:05"
"10069","1337","1467","573","253","1648","330","2228","250","326","05-12-2021 11:00:05"
"10070","785","888","181","150","1050","292","1290","191","192","05-12-2021 11:00:05"
"10071","884","932","225","193","1046","352","1588","105","123","05-12-2021 11:00:05"
"10072","1017","1027","323","174","1229","318","1524","256","264","05-12-2021 11:00:05"
"10073","710","748","171","111","785","391","1218","88","152","05-12-2021 11:00:05"
"10074","817","859","202","151","1035","288","1247","171","258","05-12-2021 11:00:05"
"10075","749","781","173","142","909","306","1168","174","188","05-12-2021 11:00:05"
"10076","1104","1163","494","87","1540","146","1921","153","193","05-12-2021 11:00:05"
"10077","931","891","296","241","1086","199","1524","150","148","05-12-2021 11:00:05"
"10078","1211","1248","486","284","1441","248","1879","306","274","05-12-2021 11:00:05"
"10079","856","901","207","217","972","361","1486","112","159","05-12-2021 11:00:05"
"10080","1137","1176","478","252","1323","260","1368","382","563","05-12-2021 11:00:05"
"10081","1108","1078","306","227","1306","347","1470","86","630","05-12-2021 11:00:05"
"10082","1017","939","356","254","1136","210","1088","57","811","05-12-2021 11:00:05"
"10083","1244","1005","428","325","1287","209","1210","36","1003","05-12-2021 11:00:05"
"10084","863","826","226","174","1025","264","1081","52","556","05-12-2021 11:00:05"
"10085","1106","1023","360","259","1222","288","1321","61","747","05-12-2021 11:00:05"
"10086","1001","981","292","227","1147","316","1414","52","516","05-12-2021 11:00:05"
"10087","923","924","276","195","1047","329","1311","50","486","05-12-2021 11:00:05"
"10088","825","847","173","187","928","384","1429","33","210","05-12-2021 11:00:05"
"10089","3071","1831","593","549","3381","379","1784","379","2739","05-12-2021 11:00:05"
"10090","726","775","208","149","883","261","1119","58","324","05-12-2021 11:00:05"
"10091","983","1003","237","183","1106","460","1570","91","325","05-12-2021 11:00:05"
"10092","691","789","106","108","767","499","1295","35","150","05-12-2021 11:00:05"
"10093","531","558","94","75","557","363","956","43","90","05-12-2021 11:00:05"
"10094","1554","1526","599","175","2050","256","2214","352","514","05-12-2021 11:00:05"
"10095","658","680","194","112","841","191","1068","98","172","05-12-2021 11:00:05"
"10096","781","905","258","168","1017","243","1304","163","219","05-12-2021 11:00:05"
"10097","731","833","235","158","891","280","1330","110","124","05-12-2021 11:00:05"
"10098","841","925","156","188","1108","314","1602","72","92","05-12-2021 11:00:05"
"10099","530","596","153","135","641","197","1020","15","91","05-12-2021 11:00:05"
"10100","782","904","249","137","943","357","1316","105","265","05-12-2021 11:00:05"
"10101","870","851","280","173","1029","239","1255","135","331","05-12-2021 11:00:05"
"10102","1247","1378","299","232","1464","630","2203","92","330","05-12-2021 11:00:05"
"10103","1025","1134","197","194","1102","666","1918","52","189","05-12-2021 11:00:05"
"10104","742","821","125","115","986","337","1464","27","72","05-12-2021 11:00:05"
"10105","1004","1170","225","249","1219","481","1933","42","199","05-12-2021 11:00:05"
"10106","469","547","100","100","524","292","882","31","103","05-12-2021 11:00:05"
"10107","719","775","191","139","868","296","1329","59","106","05-12-2021 11:00:05"
"10108","597","691","128","87","622","451","1156","32","100","05-12-2021 11:00:05"
"10109","773","874","195","135","878","439","1368","44","235","05-12-2021 11:00:05"
"10110","753","923","186","167","935","388","1378","48","250","05-12-2021 11:00:05"
"10111","633","696","154","123","716","336","1095","41","193","05-12-2021 11:00:05"
"10112","726","791","173","132","682","530","1385","33","99","05-12-2021 11:00:05"
"10113","573","610","137","122","715","209","953","47","183","05-12-2021 11:00:05"
"10114","749","790","197","158","909","275","1186","56","297","05-12-2021 11:00:05"
"10115","684","761","155","115","818","357","1153","63","229","05-12-2021 11:00:05"
"10116","811","981","223","128","977","464","1447","79","266","05-12-2021 11:00:05"
"10117","589","662","125","108","623","395","1088","39","124","05-12-2021 11:00:05"
"10118","478","521","126","98","460","315","935","18","46","05-12-2021 11:00:05"
"10119","530","612","122","86","644","290","966","29","147","05-12-2021 11:00:05"
"10120","655","797","140","158","829","325","1137","56","259","05-12-2021 11:00:05"
"10121","768","853","217","115","964","325","1307","76","238","05-12-2021 11:00:05"
"10122","713","790","137","154","785","427","1343","33","127","05-12-2021 11:00:05"
"10123","655","686","139","124","704","374","1162","53","126","05-12-2021 11:00:05"
"10124","521","577","130","96","590","282","980","15","103","05-12-2021 11:00:05"
"10125","522","580","128","87","544","343","964","18","120","05-12-2021 11:00:05"
"10126","484","528","86","102","525","299","929","5","78","05-12-2021 11:00:05"
"10127","512","530","149","111","589","193","947","22","73","05-12-2021 11:00:05"
"10128","725","841","160","126","785","495","1443","28","95","05-12-2021 11:00:05"
"10129","543","595","92","120","610","316","1045","20","73","05-12-2021 11:00:05"
"10130","591","639","135","99","676","320","1001","47","182","05-12-2021 11:00:05"
"10131","520","591","79","87","593","352","1030","12","69","05-12-2021 11:00:05"
"10132","601","679","161","118","658","343","1072","23","185","05-12-2021 11:00:05"
"10133","820","912","180","150","872","530","1393","62","277","05-12-2021 11:00:05"
"10134","720","883","180","150","828","445","1347","58","198","05-12-2021 11:00:05"
"10135","599","645","178","109","620","337","1055","33","156","05-12-2021 11:00:05"
"10136","653","744","144","136","651","466","1200","14","183","05-12-2021 11:00:05"
"10137","756","836","172","152","842","426","1341","55","196","05-12-2021 11:00:05"
"10138","761","842","201","178","929","295","1271","55","277","05-12-2021 11:00:05"
"10139","807","880","192","150","940","405","1306","49","332","05-12-2021 11:00:05"
"10140","809","851","185","184","933","358","1287","39","334","05-12-2021 11:00:05"
"10141","536","586","135","120","596","271","986","23","113","05-12-2021 11:00:05"
"10142","798","837","216","140","935","344","1322","44","269","05-12-2021 11:00:05"
"10143","851","964","223","196","1001","395","1447","64","304","05-12-2021 11:00:05"
"10234","818","988","166","157","986","497","1534","69","203","05-12-2021 11:00:05"
"10235","614","689","141","84","695","383","1072","78","153","05-12-2021 11:00:05"
"10236","755","850","149","110","800","546","1284","105","216","05-12-2021 11:00:05"
"10237","405","520","102","98","513","212","769","22","134","05-12-2021 11:00:05"
